ID,Case Number,Date,Block,IUCR,Primary Type,Description,Location Description,Arrest,Domestic,Beat,District,Ward,Community Area,FBI Code,X Coordinate,Y Coordinate,Year,Updated On,Latitude,Longitude,Location
9895938,HX546366,12/17/2014 11:54:00 PM,031XX N MILWAUKEE AVE,1811,NARCOTICS,POSS: CANNABIS 30GMS OR LESS,STREET,true,false,2523,025,31,21,18,1150282,1920763,2014,12/24/2014 12:48:14 PM,41.938480234,-87.723089736,"(41.938480234, -87.723089736)"
9895984,HX546357,12/17/2014 11:48:00 PM,076XX S COLFAX AVE,041A,BATTERY,AGGRAVATED: HANDGUN,SIDEWALK,false,false,0421,004,7,43,04B,1194807,1854932,2014,12/24/2014 12:48:14 PM,41.756851558,-87.561626942,"(41.756851558, -87.561626942)"
9896029,HX546358,12/17/2014 11:40:00 PM,028XX E 83RD ST,1360,CRIMINAL TRESPASS,TO VEHICLE,STREET,true,false,0423,004,7,46,26,1196287,1850518,2014,12/24/2014 12:48:14 PM,41.744702653,-87.556349198,"(41.744702653, -87.556349198)"
9895885,HX546350,12/17/2014 11:35:00 PM,069XX S ARTESIAN AVE,1310,CRIMINAL DAMAGE,TO PROPERTY,RESIDENCE,false,false,0832,008,15,66,14,1161196,1858710,2014,12/24/2014 12:48:14 PM,41.76798027,-87.684700917,"(41.76798027, -87.684700917)"
9896201,HX546360,12/17/2014 11:33:00 PM,062XX N HOYNE AVE,0460,BATTERY,SIMPLE,PARKING LOT/GARAGE(NON.RESID.),false,false,2413,024,50,2,08B,1161142,1941588,2014,12/24/2014 12:48:14 PM,41.99540594,-87.682595369,"(41.99540594, -87.682595369)"
9895934,HX546354,12/17/2014 11:31:00 PM,116XX S CHURCH ST,0486,BATTERY,DOMESTIC BATTERY SIMPLE,RESIDENCE,false,true,2212,022,19,75,08B,1165333,1827619,2014,12/24/2014 12:48:14 PM,41.68257511,-87.670414474,"(41.68257511, -87.670414474)"
9895986,HX546371,12/17/2014 11:30:00 PM,056XX N KIMBALL AVE,0486,BATTERY,DOMESTIC BATTERY SIMPLE,APARTMENT,true,true,1711,017,39,13,08B,1152657,1937236,2014,12/24/2014 12:48:14 PM,41.983636516,-87.713923375,"(41.983636516, -87.713923375)"
9895930,HX546387,12/17/2014 11:30:00 PM,0000X N KILBOURN AVE,1506,PROSTITUTION,SOLICIT ON PUBLIC WAY,STREET,true,false,1113,011,28,26,16,1146344,1899876,2014,12/24/2014 12:48:14 PM,41.881240166,-87.738095645,"(41.881240166, -87.738095645)"
9896493,HX546715,12/17/2014 11:30:00 PM,039XX W 84TH ST,0610,BURGLARY,FORCIBLE ENTRY,RESIDENCE-GARAGE,false,false,0834,008,18,70,05,1151484,1848535,2014,12/24/2014 12:48:14 PM,41.74025382,-87.720565894,"(41.74025382, -87.720565894)"
9896231,HX546567,12/17/2014 11:30:00 PM,015XX W 48TH ST,0340,ROBBERY,ATTEMPT: STRONGARM-NO WEAPON,"SCHOOL, PUBLIC, GROUNDS",false,false,0933,009,20,61,03,1166891,1872941,2014,12/24/2014 12:48:14 PM,41.806912125,-87.663419622,"(41.806912125, -87.663419622)"
9895974,HX546378,12/17/2014 11:30:00 PM,073XX S HERMITAGE AVE,0326,ROBBERY,AGGRAVATED VEHICULAR HIJACKING,STREET,false,false,0735,007,17,67,03,1165907,1856220,2014,12/24/2014 12:48:14 PM,41.761048583,-87.667503524,"(41.761048583, -87.667503524)"
9895994,HX546349,12/17/2014 11:25:00 PM,001XX W CHESTNUT ST,0620,BURGLARY,UNLAWFUL ENTRY,APARTMENT,false,false,1832,018,42,8,05,1175342,1906231,2014,12/24/2014 12:48:14 PM,41.898077375,-87.63142613,"(41.898077375, -87.63142613)"
9895929,HX546391,12/17/2014 11:25:00 PM,045XX W MONROE ST,1506,PROSTITUTION,SOLICIT ON PUBLIC WAY,STREET,true,false,1113,011,28,26,16,1145861,1899312,2014,12/24/2014 12:48:14 PM,41.879701663,-87.739883535,"(41.879701663, -87.739883535)"
9895880,HX546347,12/17/2014 11:17:00 PM,068XX S STONY ISLAND AVE,3731,INTERFERENCE WITH PUBLIC OFFICER,OBSTRUCTING IDENTIFICATION,STREET,true,false,0332,003,5,43,24,1188155,1860153,2014,12/24/2014 12:48:14 PM,41.771339595,-87.585838689,"(41.771339595, -87.585838689)"
9895940,HX546345,12/17/2014 11:15:00 PM,119XX S LA SALLE ST,0810,THEFT,OVER $500,RESIDENCE,false,true,0522,005,9,53,06,1177369,1825699,2014,12/24/2014 12:48:14 PM,41.677043751,-87.626413201,"(41.677043751, -87.626413201)"
9895887,HX546337,12/17/2014 11:14:00 PM,051XX W MADISON ST,1811,NARCOTICS,POSS: CANNABIS 30GMS OR LESS,GAS STATION,true,false,1533,015,28,25,18,1142290,1899502,2014,12/24/2014 12:48:14 PM,41.880290057,-87.752991186,"(41.880290057, -87.752991186)"
9895963,HX546351,12/17/2014 11:13:00 PM,006XX W 61ST PL,4387,OTHER OFFENSE,VIOLATE ORDER OF PROTECTION,RESIDENCE,false,true,0711,007,16,68,26,1172910,1864145,2014,12/24/2014 12:48:14 PM,41.782644103,-87.641603491,"(41.782644103, -87.641603491)"
9895942,HX546353,12/17/2014 11:07:00 PM,062XX S STONY ISLAND AVE,143A,WEAPONS VIOLATION,UNLAWFUL POSS OF HANDGUN,VEHICLE NON-COMMERCIAL,true,false,0331,003,5,42,15,1187980,1864086,2014,12/24/2014 12:48:14 PM,41.78213624,-87.58635494,"(41.78213624, -87.58635494)"
9896112,HX546549,12/17/2014 11:00:00 PM,032XX W EASTWOOD AVE,0820,THEFT,$500 AND UNDER,STREET,false,false,1713,017,33,14,06,1153868,1930702,2014,12/24/2014 12:48:14 PM,41.965682726,-87.709644464,"(41.965682726, -87.709644464)"
9895924,HX546384,12/17/2014 11:00:00 PM,045XX W WASHINGTON BLVD,1513,PROSTITUTION,SOLICIT FOR BUSINESS,STREET,true,false,1113,011,28,26,16,1145882,1900066,2014,12/24/2014 12:48:14 PM,41.881770329,-87.739787277,"(41.881770329, -87.739787277)"
9896038,HX546463,12/17/2014 11:00:00 PM,029XX W ADDISON ST,0281,CRIM SEXUAL ASSAULT,NON-AGGRAVATED,VEHICLE NON-COMMERCIAL,false,false,1733,017,33,21,02,1155968,1923741,2014,12/24/2014 12:48:14 PM,41.946539101,-87.702111692,"(41.946539101, -87.702111692)"
9896397,HX546644,12/17/2014 11:00:00 PM,019XX N NEWLAND AVE,0910,MOTOR VEHICLE THEFT,AUTOMOBILE,STREET,false,false,2513,025,36,25,07,1129745,1911932,2014,12/24/2014 12:48:14 PM,41.914623236,-87.798771555,"(41.914623236, -87.798771555)"
9896139,HX546563,12/17/2014 11:00:00 PM,102XX S HOXIE AVE,1320,CRIMINAL DAMAGE,TO VEHICLE,RESIDENTIAL YARD (FRONT/BACK),false,false,0431,004,10,51,14,1195117,1837703,2014,12/24/2014 12:48:14 PM,41.70956606,-87.561057416,"(41.70956606, -87.561057416)"
9897095,HX547388,12/17/2014 11:00:00 PM,036XX W 113TH ST,0890,THEFT,FROM BUILDING,RESIDENCE,false,false,2211,022,19,74,06,1153804,1829382,2014,12/24/2014 12:48:14 PM,41.687648818,-87.712571519,"(41.687648818, -87.712571519)"
9902089,HX552474,12/17/2014 11:00:00 PM,053XX S CALUMET AVE,2825,OTHER OFFENSE,HARASSMENT BY TELEPHONE,APARTMENT,false,true,0231,002,3,40,26,1179351,1869629,2014,12/24/2014 12:48:14 PM,41.797548103,-87.617821708,"(41.797548103, -87.617821708)"
9895926,HX546348,12/17/2014 10:58:00 PM,047XX W VAN BUREN ST,041A,BATTERY,AGGRAVATED: HANDGUN,SIDEWALK,false,false,1131,011,24,25,04B,1144965,1897649,2014,12/24/2014 12:48:14 PM,41.875155143,-87.743215541,"(41.875155143, -87.743215541)"
9895960,HX546319,12/17/2014 10:56:00 PM,061XX S ELIZABETH ST,051A,ASSAULT,AGGRAVATED: HANDGUN,STREET,false,false,0713,007,16,67,04A,1169012,1864299,2014,12/24/2014 12:48:14 PM,41.783151859,-87.655890251,"(41.783151859, -87.655890251)"
9895866,HX546331,12/17/2014 10:51:00 PM,052XX S SAWYER AVE,2027,NARCOTICS,POSS: CRACK,ALLEY,true,false,0822,008,14,63,18,1155650,1869366,2014,12/24/2014 12:48:14 PM,41.797334874,-87.704744199,"(41.797334874, -87.704744199)"
9895925,HX546342,12/17/2014 10:45:00 PM,027XX W 51ST ST,0860,THEFT,RETAIL THEFT,GAS STATION,true,false,0923,009,14,63,06,1159134,1870776,2014,12/24/2014 12:48:14 PM,41.801133479,-87.691929225,"(41.801133479, -87.691929225)"
9895905,HX546340,12/17/2014 10:45:00 PM,014XX E 71ST PL,0820,THEFT,$500 AND UNDER,APARTMENT,false,true,0324,003,5,43,06,1187372,1857921,2014,12/24/2014 12:48:14 PM,41.76523343,-87.588779677,"(41.76523343, -87.588779677)"
9895875,HX546321,12/17/2014 10:45:00 PM,034XX W 71ST ST,0910,MOTOR VEHICLE THEFT,AUTOMOBILE,STREET,false,false,0831,008,18,66,07,1154478,1857274,2014,12/24/2014 12:48:14 PM,41.764176045,-87.709363893,"(41.764176045, -87.709363893)"
9895928,HX546390,12/17/2014 10:45:00 PM,045XX W MADISON ST,1506,PROSTITUTION,SOLICIT ON PUBLIC WAY,STREET,true,false,1113,011,28,26,16,1145861,1899665,2014,12/24/2014 12:48:14 PM,41.880670336,-87.739874572,"(41.880670336, -87.739874572)"
9895888,HX546338,12/17/2014 10:45:00 PM,079XX S HALSTED ST,2023,NARCOTICS,POSS: HEROIN(BRN/TAN),STREET,true,false,0621,006,17,71,18,1172386,1852212,2014,12/24/2014 12:48:14 PM,41.749910056,-87.64387531,"(41.749910056, -87.64387531)"
9895952,HX546318,12/17/2014 10:40:00 PM,010XX W BRYN MAWR AVE,0460,BATTERY,SIMPLE,GROCERY FOOD STORE,true,false,2023,020,48,77,08B,1168089,1937326,2014,12/24/2014 12:48:14 PM,41.98356321,-87.657164699,"(41.98356321, -87.657164699)"
9895870,HX546328,12/17/2014 10:38:00 PM,042XX W NELSON ST,2826,OTHER OFFENSE,HARASSMENT BY ELECTRONIC MEANS,APARTMENT,false,false,2523,025,31,20,26,1147014,1919975,2014,12/24/2014 12:48:14 PM,41.936381101,-87.735120702,"(41.936381101, -87.735120702)"
9895867,HX546316,12/17/2014 10:35:00 PM,033XX N KILPATRICK AVE,0486,BATTERY,DOMESTIC BATTERY SIMPLE,RESIDENCE,false,true,1731,017,30,15,08B,1144549,1921963,2014,12/24/2014 12:48:14 PM,41.941883198,-87.744129727,"(41.941883198, -87.744129727)"
9899047,HX549433,12/17/2014 10:30:00 PM,052XX S SAWYER AVE,0620,BURGLARY,UNLAWFUL ENTRY,APARTMENT,false,false,0822,008,14,63,05,1155649,1869384,2014,12/24/2014 12:48:14 PM,41.797384288,-87.704747384,"(41.797384288, -87.704747384)"
9895957,HX546310,12/17/2014 10:30:00 PM,025XX N NEWLAND AVE,4387,OTHER OFFENSE,VIOLATE ORDER OF PROTECTION,APARTMENT,false,true,2512,025,36,18,26,1129626,1915919,2014,12/24/2014 12:48:14 PM,41.925566105,-87.799117505,"(41.925566105, -87.799117505)"
9895907,HX546334,12/17/2014 10:30:00 PM,074XX S EVANS AVE,0486,BATTERY,DOMESTIC BATTERY SIMPLE,RESIDENCE,false,true,0323,003,6,69,08B,1182469,1855989,2014,12/24/2014 12:48:14 PM,41.760046884,-87.606810263,"(41.760046884, -87.606810263)"
9896865,HX547072,12/17/2014 10:30:00 PM,052XX S HARPER AVE,0810,THEFT,OVER $500,STREET,false,false,0234,002,4,41,06,1187224,1870656,2014,12/24/2014 12:48:14 PM,41.80018281,-87.588918029,"(41.80018281, -87.588918029)"
9895881,HX546323,12/17/2014 10:25:00 PM,011XX S LAFLIN ST,0486,BATTERY,DOMESTIC BATTERY SIMPLE,APARTMENT,true,true,1231,012,2,28,08B,1166585,1895258,2014,12/24/2014 12:48:14 PM,41.868158716,-87.66390401,"(41.868158716, -87.66390401)"
9895904,HX546326,12/17/2014 10:17:00 PM,100XX S CALUMET AVE,0470,PUBLIC PEACE VIOLATION,RECKLESS CONDUCT,STREET,true,false,0511,005,9,49,24,1180399,1838198,2014,12/24/2014 12:48:14 PM,41.711273991,-87.614941025,"(41.711273991, -87.614941025)"
9895945,HX546304,12/17/2014 10:15:00 PM,040XX W ADDISON ST,041A,BATTERY,AGGRAVATED: HANDGUN,STREET,false,false,1731,017,30,16,04B,1149040,1923590,2014,12/24/2014 12:48:14 PM,41.946261925,-87.727580985,"(41.946261925, -87.727580985)"
9895865,HX546307,12/17/2014 10:15:00 PM,102XX S STATE ST,1811,NARCOTICS,POSS: CANNABIS 30GMS OR LESS,STREET,true,false,0511,005,9,49,18,1178019,1837100,2014,12/24/2014 12:48:14 PM,41.708315088,-87.623690225,"(41.708315088, -87.623690225)"
9895823,HX546292,12/17/2014 10:15:00 PM,041XX W WILCOX ST,2024,NARCOTICS,POSS: HEROIN(WHITE),SIDEWALK,true,false,1115,011,28,26,18,1148702,1899052,2014,12/24/2014 12:48:14 PM,41.878933812,-87.729458405,"(41.878933812, -87.729458405)"
9895932,HX546315,12/17/2014 10:10:00 PM,106XX S KEDZIE AVE,031A,ROBBERY,ARMED: HANDGUN,ALLEY,false,false,2211,022,19,74,03,1156852,1834080,2014,12/24/2014 12:48:14 PM,41.700480199,-87.701286793,"(41.700480199, -87.701286793)"
9895871,HX546303,12/17/2014 10:00:00 PM,010XX N LAWNDALE AVE,1320,CRIMINAL DAMAGE,TO VEHICLE,STREET,false,false,1112,011,27,23,14,1151487,1906591,2014,12/24/2014 12:48:14 PM,41.899567381,-87.719034151,"(41.899567381, -87.719034151)"
9896951,HX547197,12/17/2014 10:00:00 PM,025XX E 76TH ST,1320,CRIMINAL DAMAGE,TO VEHICLE,STREET,false,false,0421,004,7,43,14,1194626,1855106,2014,12/24/2014 12:48:14 PM,41.757333481,-87.562284547,"(41.757333481, -87.562284547)"
9896806,HX546987,12/17/2014 10:00:00 PM,052XX W BELMONT AVE,0820,THEFT,$500 AND UNDER,RESIDENCE,false,true,1634,016,30,15,06,1140631,1920807,2014,12/24/2014 12:48:14 PM,41.938784017,-87.758558717,"(41.938784017, -87.758558717)"
9895964,HX546289,12/17/2014 10:00:00 PM,056XX W MADISON ST,031A,ROBBERY,ARMED: HANDGUN,CONVENIENCE STORE,false,false,1513,015,29,25,03,1138875,1899420,2014,12/24/2014 12:48:14 PM,41.880127722,-87.765532874,"(41.880127722, -87.765532874)"
9895872,HX546283,12/17/2014 10:00:00 PM,046XX W NORTH AVE,0860,THEFT,RETAIL THEFT,DEPARTMENT STORE,true,false,2533,025,37,25,06,1144852,1910261,2014,12/24/2014 12:48:14 PM,41.909766043,-87.743312011,"(41.909766043, -87.743312011)"
9896134,HX546491,12/17/2014 10:00:00 PM,019XX S THROOP ST,1310,CRIMINAL DAMAGE,TO PROPERTY,STREET,false,false,1235,012,25,31,14,1167971,1890637,2014,12/24/2014 12:48:14 PM,41.855448532,-87.65894901,"(41.855448532, -87.65894901)"
9898780,HX549161,12/17/2014 10:00:00 PM,066XX S STATE ST,0810,THEFT,OVER $500,RESIDENTIAL YARD (FRONT/BACK),false,false,0312,003,20,69,06,1177452,1861364,2014,12/24/2014 12:48:14 PM,41.774911275,-87.62503525,"(41.774911275, -87.62503525)"
9896053,HX546507,12/17/2014 10:00:00 PM,034XX N KOLMAR AVE,0820,THEFT,$500 AND UNDER,STREET,false,false,1731,017,30,16,06,1145469,1922765,2014,12/24/2014 12:48:14 PM,41.944066555,-87.740727921,"(41.944066555, -87.740727921)"
9897007,HX547276,12/17/2014 10:00:00 PM,0000X S CENTRAL AVE,0820,THEFT,$500 AND UNDER,APARTMENT,false,true,1513,015,29,25,06,1139022,1899281,2014,12/24/2014 12:48:14 PM,41.879743618,-87.764996479,"(41.879743618, -87.764996479)"
9898402,HX548484,12/17/2014 10:00:00 PM,017XX E 77TH ST,0820,THEFT,$500 AND UNDER,APARTMENT,false,false,0414,004,8,43,06,1188966,1854303,2014,12/24/2014 12:48:14 PM,41.755267311,-87.583052932,"(41.755267311, -87.583052932)"
9895906,HX546329,12/17/2014 10:00:00 PM,071XX S EAST END AVE,1310,CRIMINAL DAMAGE,TO PROPERTY,APARTMENT,false,false,0324,003,8,43,14,1188729,1857991,2014,12/24/2014 12:48:14 PM,41.765393176,-87.5838037,"(41.765393176, -87.5838037)"
9896014,HX546336,12/17/2014 10:00:00 PM,021XX N CAMPBELL AVE,0486,BATTERY,DOMESTIC BATTERY SIMPLE,STREET,false,true,1431,014,1,22,08B,1159498,1914209,2014,12/24/2014 12:48:14 PM,41.92031059,-87.689399632,"(41.92031059, -87.689399632)"
9896238,HX546640,12/17/2014 10:00:00 PM,050XX W JACKSON BLVD,0820,THEFT,$500 AND UNDER,RESIDENCE,false,false,1533,015,28,25,06,1143142,1898168,2014,12/24/2014 12:48:14 PM,41.876613543,-87.749895993,"(41.876613543, -87.749895993)"
9896807,HX546909,12/17/2014 10:00:00 PM,047XX N RACINE AVE,0820,THEFT,$500 AND UNDER,STREET,false,false,1913,019,46,3,06,1167414,1931676,2014,12/24/2014 12:48:14 PM,41.968074037,-87.659810594,"(41.968074037, -87.659810594)"
9895895,HX546294,12/17/2014 09:55:00 PM,083XX S WESTERN AVE,0486,BATTERY,DOMESTIC BATTERY SIMPLE,VEHICLE NON-COMMERCIAL,true,true,0614,006,18,70,08B,1161860,1849395,2014,12/24/2014 12:48:14 PM,41.742404762,-87.682525325,"(41.742404762, -87.682525325)"
9895969,HX546281,12/17/2014 09:55:00 PM,099XX S YATES AVE,031A,ROBBERY,ARMED: HANDGUN,STREET,false,false,0431,004,7,51,03,1194095,1839442,2014,12/24/2014 12:48:14 PM,41.714363139,-87.564743201,"(41.714363139, -87.564743201)"
9895936,HX546272,12/17/2014 09:54:00 PM,051XX S ADA ST,041A,BATTERY,AGGRAVATED: HANDGUN,STREET,false,false,0934,009,16,61,04B,1168165,1870473,2014,12/24/2014 12:48:14 PM,41.800112312,-87.658818031,"(41.800112312, -87.658818031)"
9899406,HX546286,12/17/2014 09:50:00 PM,018XX W GARFIELD BLVD,0486,BATTERY,DOMESTIC BATTERY SIMPLE,APARTMENT,false,true,0715,007,15,67,08B,1164805,1868027,2014,12/24/2014 12:48:14 PM,41.793471881,-87.671209252,"(41.793471881, -87.671209252)"
9895868,HX546284,12/17/2014 09:50:00 PM,021XX W AINSLIE ST,1210,DECEPTIVE PRACTICE,THEFT OF LABOR/SERVICES,TAXICAB,false,false,2032,020,47,4,11,1161407,1932566,2014,12/24/2014 12:48:14 PM,41.970643693,-87.681872988,"(41.970643693, -87.681872988)"
9895911,HX546305,12/17/2014 09:48:00 PM,058XX W WABANSIA AVE,143A,WEAPONS VIOLATION,UNLAWFUL POSS OF HANDGUN,STREET,false,false,2531,025,29,25,15,1136962,1910661,2014,12/24/2014 12:48:14 PM,41.911008965,-87.772287388,"(41.911008965, -87.772287388)"
9895806,HX546265,12/17/2014 09:45:00 PM,046XX N SHERIDAN RD,1310,CRIMINAL DAMAGE,TO PROPERTY,GROCERY FOOD STORE,false,false,1914,019,46,3,14,1168826,1930792,2014,12/24/2014 12:48:14 PM,41.965617737,-87.654644546,"(41.965617737, -87.654644546)"
9895884,HX546270,12/17/2014 09:40:00 PM,046XX W JACKSON BLVD,1310,CRIMINAL DAMAGE,TO PROPERTY,APARTMENT,false,false,1131,011,24,25,14,1145312,1898242,2014,12/24/2014 12:48:14 PM,41.876775854,-87.74192648,"(41.876775854, -87.74192648)"
9895894,HX546258,12/17/2014 09:40:00 PM,023XX S MARSHALL BLVD,2825,OTHER OFFENSE,HARASSMENT BY TELEPHONE,APARTMENT,false,true,1033,010,12,30,26,1157038,1888118,2014,12/24/2014 12:48:14 PM,41.848764738,-87.699146591,"(41.848764738, -87.699146591)"
9895861,HX546240,12/17/2014 09:40:00 PM,034XX W CHICAGO AVE,5011,OTHER OFFENSE,LICENSE VIOLATION,SMALL RETAIL STORE,false,false,1121,011,27,23,26,1153001,1905155,2014,12/24/2014 12:48:14 PM,41.895596975,-87.713511306,"(41.895596975, -87.713511306)"
9895948,HX546395,12/17/2014 09:40:00 PM,050XX N MOODY AVE,2820,OTHER OFFENSE,TELEPHONE THREAT,APARTMENT,false,true,1622,016,45,11,26,1134248,1933043,2014,12/24/2014 12:48:14 PM,41.972475893,-87.781728748,"(41.972475893, -87.781728748)"
9895828,HX546276,12/17/2014 09:36:00 PM,018XX S PULASKI RD,1811,NARCOTICS,POSS: CANNABIS 30GMS OR LESS,STREET,true,false,1012,010,24,29,18,1149959,1891009,2014,12/24/2014 12:48:14 PM,41.856838519,-87.725052161,"(41.856838519, -87.725052161)"
9897958,HX547750,12/17/2014 09:30:00 PM,063XX S DR MARTIN LUTHER KING JR DR,0460,BATTERY,SIMPLE,SIDEWALK,false,false,0312,003,20,69,08B,1179970,1863039,2014,12/24/2014 12:48:14 PM,41.779450362,-87.615753464,"(41.779450362, -87.615753464)"
9895819,HX546280,12/17/2014 09:30:00 PM,041XX W DICKENS AVE,4625,OTHER OFFENSE,PAROLE VIOLATION,STREET,true,false,2525,025,30,20,26,1148449,1913673,2014,12/24/2014 12:48:14 PM,41.919060244,-87.730009841,"(41.919060244, -87.730009841)"
9895883,HX546260,12/17/2014 09:30:00 PM,012XX S INDEPENDENCE BLVD,0560,ASSAULT,SIMPLE,STREET,true,false,1011,010,24,29,08A,1151482,1894383,2014,12/24/2014 12:48:14 PM,41.866067426,-87.719373309,"(41.866067426, -87.719373309)"
9896165,HX546570,12/17/2014 09:30:00 PM,001XX N ADA ST,2820,OTHER OFFENSE,TELEPHONE THREAT,RESIDENCE,false,false,1224,012,27,28,26,1167433,1901467,2014,12/24/2014 12:48:14 PM,41.885178508,-87.660612186,"(41.885178508, -87.660612186)"
9895846,HX546267,12/17/2014 09:30:00 PM,010XX W CATALPA AVE,0486,BATTERY,DOMESTIC BATTERY SIMPLE,RESIDENCE,true,true,2023,020,48,77,08B,1168049,1936659,2014,12/24/2014 12:48:14 PM,41.981733812,-87.657331172,"(41.981733812, -87.657331172)"
9898763,HX549117,12/17/2014 09:30:00 PM,008XX W RANDOLPH ST,0810,THEFT,OVER $500,BAR OR TAVERN,false,false,1224,012,27,28,06,1170925,1901292,2014,12/24/2014 12:48:14 PM,41.884622462,-87.647794179,"(41.884622462, -87.647794179)"
9895858,HX546264,12/17/2014 09:30:00 PM,031XX W POLK ST,2017,NARCOTICS,MANU/DELIVER:CRACK,SIDEWALK,true,false,1134,011,24,27,18,1155667,1896242,2014,12/24/2014 12:48:14 PM,41.871085559,-87.703959736,"(41.871085559, -87.703959736)"
9895923,HX546333,12/17/2014 09:20:00 PM,056XX W CORNELIA AVE,0486,BATTERY,DOMESTIC BATTERY SIMPLE,RESIDENCE,false,true,1633,016,38,15,08B,1138174,1922746,2014,12/24/2014 12:48:14 PM,41.944149682,-87.767541897,"(41.944149682, -87.767541897)"
9895850,HX546246,12/17/2014 09:20:00 PM,027XX N MILWAUKEE AVE,0460,BATTERY,SIMPLE,SIDEWALK,false,false,1412,014,35,22,08B,1153911,1917950,2014,12/24/2014 12:48:14 PM,41.930689483,-87.709827443,"(41.930689483, -87.709827443)"
9895830,HX546261,12/17/2014 09:20:00 PM,008XX N LEAMINGTON AVE,0470,PUBLIC PEACE VIOLATION,RECKLESS CONDUCT,STREET,true,false,1531,015,37,25,24,1141909,1905116,2014,12/24/2014 12:48:14 PM,41.895702617,-87.754251083,"(41.895702617, -87.754251083)"
9895869,HX546308,12/17/2014 09:20:00 PM,051XX S TALMAN AVE,1320,CRIMINAL DAMAGE,TO VEHICLE,STREET,false,false,0923,009,14,63,14,1159533,1870553,2014,12/24/2014 12:48:14 PM,41.800513358,-87.690472059,"(41.800513358, -87.690472059)"
9895836,HX546253,12/17/2014 09:14:00 PM,063XX N BROADWAY,0554,ASSAULT,AGG PO HANDS NO/MIN INJURY,PARKING LOT/GARAGE(NON.RESID.),true,false,2433,024,40,77,08A,1167107,1942343,2014,12/24/2014 12:48:14 PM,41.997351192,-87.660631363,"(41.997351192, -87.660631363)"
9895839,HX546250,12/17/2014 09:13:00 PM,048XX W ALTGELD ST,0470,PUBLIC PEACE VIOLATION,RECKLESS CONDUCT,SIDEWALK,true,false,2521,025,31,19,24,1143464,1916235,2014,12/24/2014 12:48:14 PM,41.926185409,-87.748261281,"(41.926185409, -87.748261281)"
9895874,HX546257,12/17/2014 09:10:00 PM,012XX W ROOSEVELT RD,1156,DECEPTIVE PRACTICE,ATTEMPT - FINANCIAL IDENTITY THEFT,CONVENIENCE STORE,false,false,1233,012,2,28,11,1168429,1894806,2014,12/24/2014 12:48:14 PM,41.866878732,-87.657147425,"(41.866878732, -87.657147425)"
9895859,HX546245,12/17/2014 09:10:00 PM,048XX N LINCOLN AVE,0895,THEFT,FROM COIN-OP MACHINE/DEVICE,BAR OR TAVERN,false,false,2031,020,47,4,06,1159215,1932514,2014,12/24/2014 12:48:14 PM,41.970546458,-87.689934583,"(41.970546458, -87.689934583)"
9895789,HX546223,12/17/2014 09:10:00 PM,068XX S STATE ST,0486,BATTERY,DOMESTIC BATTERY SIMPLE,APARTMENT,true,true,0322,003,20,69,08B,1177504,1859596,2014,12/24/2014 12:48:14 PM,41.770058518,-87.624898015,"(41.770058518, -87.624898015)"
9895787,HX546238,12/17/2014 09:10:00 PM,041XX W WILCOX ST,2024,NARCOTICS,POSS: HEROIN(WHITE),STREET,true,false,1115,011,28,26,18,1148702,1899052,2014,12/24/2014 12:48:14 PM,41.878933812,-87.729458405,"(41.878933812, -87.729458405)"
9897158,HX547465,12/17/2014 09:00:00 PM,020XX W WELLINGTON AVE,0820,THEFT,$500 AND UNDER,STREET,false,false,1931,019,32,5,06,1161919,1919950,2014,12/24/2014 12:48:14 PM,41.936014034,-87.680343789,"(41.936014034, -87.680343789)"
9896218,HX546620,12/17/2014 09:00:00 PM,051XX W WOLFRAM ST,0810,THEFT,OVER $500,DRIVEWAY - RESIDENTIAL,false,false,2521,025,31,19,06,1141822,1918429,2014,12/24/2014 12:48:14 PM,41.932236554,-87.754240476,"(41.932236554, -87.754240476)"
9898109,HX548208,12/17/2014 09:00:00 PM,047XX W PALMER ST,1320,CRIMINAL DAMAGE,TO VEHICLE,STREET,false,false,2522,025,31,19,14,1144332,1914245,2014,12/24/2014 12:48:14 PM,41.920708353,-87.745121917,"(41.920708353, -87.745121917)"
9896090,HX546489,12/17/2014 09:00:00 PM,077XX S COLES AVE,1320,CRIMINAL DAMAGE,TO VEHICLE,STREET,false,false,0421,004,7,43,14,1196779,1854531,2014,12/24/2014 12:48:14 PM,41.755702417,-87.554413368,"(41.755702417, -87.554413368)"
9896245,HX546520,12/17/2014 09:00:00 PM,021XX S CHINA PL,0610,BURGLARY,FORCIBLE ENTRY,RESTAURANT,false,false,0914,009,25,34,05,1174495,1890031,2014,12/24/2014 12:48:14 PM,41.85364252,-87.635021152,"(41.85364252, -87.635021152)"
9896636,HX546837,12/17/2014 09:00:00 PM,041XX N MOZART ST,1320,CRIMINAL DAMAGE,TO VEHICLE,STREET,false,false,1724,017,33,16,14,1156679,1927381,2014,12/24/2014 12:48:14 PM,41.956513094,-87.699399302,"(41.956513094, -87.699399302)"
9895856,HX546227,12/17/2014 09:00:00 PM,055XX N DELPHIA AVE,0486,BATTERY,DOMESTIC BATTERY SIMPLE,RESIDENCE,false,false,1614,016,41,76,08B,1118013,1935675,2014,12/24/2014 12:48:14 PM,41.979969737,-87.841373709,"(41.979969737, -87.841373709)"
9896897,HX547000,12/17/2014 09:00:00 PM,005XX W 111TH ST,0610,BURGLARY,FORCIBLE ENTRY,CONVENIENCE STORE,false,false,2233,022,34,49,05,1174561,1831242,2014,12/24/2014 12:48:14 PM,41.692317369,-87.636527164,"(41.692317369, -87.636527164)"
9895844,HX546259,12/17/2014 09:00:00 PM,008XX E 79TH ST,2020,NARCOTICS,POSS: AMPHETAMINES,STREET,true,false,0624,006,6,69,18,1183324,1852850,2014,12/24/2014 12:48:14 PM,41.751413288,-87.603774274,"(41.751413288, -87.603774274)"
9897055,HX547251,12/17/2014 09:00:00 PM,012XX W JARVIS AVE,1320,CRIMINAL DAMAGE,TO VEHICLE,PARKING LOT/GARAGE(NON.RESID.),false,false,2423,024,49,1,14,1166232,1949139,2014,12/24/2014 12:48:14 PM,42.016018351,-87.663654582,"(42.016018351, -87.663654582)"
9895838,HX546226,12/17/2014 08:50:00 PM,012XX W 87TH ST,0860,THEFT,RETAIL THEFT,DEPARTMENT STORE,true,false,0613,006,21,71,06,1169809,1847138,2014,12/24/2014 12:48:14 PM,41.736042578,-87.653465441,"(41.736042578, -87.653465441)"
